{
  "test_auc": 0.8197684952710294,
  "test_f1": 0.5909677419354838,
  "test_precision": 0.571072319201995,
  "test_recall": 0.6122994652406417,
  "test_samples": 1407,
  "churn_rate": 0.2658137882018479
}